Constituency,Nation,Region,Electorate,Votes,Result,Con,Lab,LDem,SNP,PC,UKIP,Grn,Ind,Oth,DUP,SF,AP,SDLP,UUP,WP,PBPA,TUV,CISTA,Speaker
Aberavon,Wales,Wales,49892,33268,Hold,5901,22662,599,,2761,1345,,,,,,,,,,,,,
Aberconwy,Wales,Wales,45251,32150,Hold,14337,13702,941,,3170,,,,,,,,,,,,,,
Aberdeen North,Scotland,Scotland,62130,36757,Hold,8341,11031,1693,15170,,,,522,,,,,,,,,,,
Aberdeen South,Scotland,Scotland,64964,44483,Gain,18746,9143,2600,13994,,,,,,,,,,,,,,,
Airdrie & Shotts,Scotland,Scotland,64146,38009,Hold,8813,14096,802,14298,,,,,,,,,,,,,,,
Aldershot,England,South East,76205,48955,Hold,26955,15477,3637,,,1796,1090,,,,,,,,,,,,
AldridgeBrownhills,England,West Midlands,60363,40235,Hold,26317,12010,1343,,,,,565,,,,,,,,,,,
Altrincham & Sale West,England,North West,73226,52790,Hold,26933,20507,4051,,,,1000,299,,,,,,,,,,,
Alyn & Deeside,Wales,Wales,63013,44754,Hold,18080,23315,1071,,1171,1117,,,,,,,,,,,,,
Amber Valley,England,East Midlands,68065,45811,Hold,25905,17605,1100,,,,650,551,,,,,,,,,,,
Angus,Scotland,Scotland,63840,40193,Gain,18148,5233,1308,15504,,,,,,,,,,,,,,,
Arfon,Wales,Wales,41367,28208,Hold,4614,11427,648,,11519,,,,,,,,,,,,,,
Argyll & Bute,Scotland,Scotland,67230,48069,Hold,15976,6044,8745,17304,,,,,,,,,,,,,,,
Arundel & South Downs,England,South East,79478,60256,Hold,37573,13690,4783,,,1668,2542,,,,,,,,,,,,
Ashfield,England,East Midlands,78076,48007,Hold,20844,21285,868,,,,398,4612,,,,,,,,,,,
Ashford,England,South East,87387,59879,Hold,35318,17840,3101,,,2218,1402,,,,,,,,,,,,
AshtonunderLyne,England,North West,65751,39773,Hold,12710,24005,646,,,1878,534,,,,,,,,,,,,
Aylesbury,England,South East,82546,58743,Hold,32313,17617,5660,,,1296,1237,620,,,,,,,,,,,
"Ayr, Carrick & Cumnock",Scotland,Scotland,71241,46222,Gain,18550,11024,872,15776,,,,,,,,,,,,,,,
Banbury,England,South East,83824,61562,Hold,33388,20989,3452,,,1581,1225,927,,,,,,,,,,,
Banff & Buchan,Scotland,Scotland,67601,41643,Gain,19976,3936,1448,16283,,,,,,,,,,,,,,,
Barking,England,London,77022,47679,Hold,10711,32319,599,,,3031,724,295,,,,,,,,,,,
Barnsley Central,England,Yorkshire & Humber,64204,39089,Hold,9436,24982,549,,,3339,572,211,,,,,,,,,,,
Barnsley East,England,Yorkshire & Humber,69214,40714,Hold,10997,24218,750,,,3247,,1215,287,,,,,,,,,,
Barrow & Furness,England,North West,69474,47590,Hold,22383,22592,1278,,,962,375,,,,,,,,,,,,
Basildon & Billericay,England,East of England,69149,44918,Hold,27381,13981,1548,,,2008,,,,,,,,,,,,,
Basingstoke,England,South East,81875,55960,Hold,29510,20044,3406,,,1681,1106,,213,,,,,,,,,,
Bassetlaw,England,East Midlands,78540,52350,Hold,22615,27567,1154,,,,,1014,,,,,,,,,,,
Bath,England,South West,66778,49582,Gain,17742,7279,23436,,,,1125,,,,,,,,,,,,
Batley & Spen,England,Yorkshire & Humber,80161,53780,Hold,20883,29844,1224,,,,695,1076,58,,,,,,,,,,
Battersea,England,London,77574,55058,Gain,22876,25292,4401,,,357,866,1234,32,,,,,,,,,,
Beaconsfield,England,South East,77524,56028,Hold,36559,12016,4448,,,1609,1396,,,,,,,,,,,,
Beckenham,England,London,67925,51630,Hold,30632,15545,4073,,,,1380,,,,,,,,,,,,
Bedford,England,East of England,71829,48480,Gain,21923,22712,2837,,,,1008,,,,,,,,,,,,
Belfast East,Northern Ireland,Northern Ireland,63495,42890,,446,,,,,,561,54,,23917,894,15443,167,1408,,,,,
Belfast North,Northern Ireland,Northern Ireland,68249,45936,,,,,,,,644,,,21240,19159,2475,2058,,360,,,,
Belfast South,Northern Ireland,Northern Ireland,66105,43705,,246,,,,,,2241,,,13299,7143,7946,11303,1527,,,,,
Belfast West,Northern Ireland,Northern Ireland,62423,40633,,,,,,,,,,,5455,27107,731,2860,,348,4132,,,
Bermondsey & Old Southwark,England,London,87282,58521,Hold,7581,31161,18189,,,838,639,113,,,,,,,,,,,
"Berwickshire, Roxburgh & Selkirk",Scotland,Scotland,73191,52367,Gain,28213,4519,2482,17153,,,,,,,,,,,,,,,
BerwickuponTweed,England,North East,58807,42212,Hold,22145,10364,8916,,,,787,,,,,,,,,,,,
Bethnal Green & Bow,England,London,86075,59825,Hold,7576,42969,2982,,,894,1516,3888,,,,,,,,,,,
Beverley & Holderness,England,Yorkshire & Humber,80657,55678,Hold,32499,18457,2808,,,,756,1158,,,,,,,,,,,
Bexhill & Battle,England,South East,81331,59472,Hold,36854,14689,4485,,,2006,1438,,,,,,,,,,,,
Bexleyheath & Crayford,England,London,65315,45189,Hold,25113,16040,1201,,,1944,601,,290,,,,,,,,,,
Birkenhead,England,North West,64484,43663,Hold,8044,33558,1118,,,,943,,,,,,,,,,,,
"Birmingham, Edgbaston",England,West Midlands,68091,43457,Hold,17207,24124,1564,,,,562,,,,,,,,,,,,
"Birmingham, Erdington",England,West Midlands,65067,37217,Hold,14286,21571,750,,,,610,,,,,,,,,,,,
"Birmingham, Hall Green",England,West Midlands,78271,54310,Hold,8199,42143,3137,,,,831,,,,,,,,,,,,
"Birmingham, Hodge Hill",England,West Midlands,75698,46394,Hold,6580,37606,805,,,1016,387,,,,,,,,,,,,
"Birmingham, Ladywood",England,West Midlands,70023,41307,Hold,5452,34166,1156,,,,533,,,,,,,,,,,,
"Birmingham, Northfield",England,West Midlands,72322,44348,Hold,18929,23596,959,,,,864,,,,,,,,,,,,
"Birmingham, Perry Barr",England,West Midlands,70106,44199,Hold,11726,30109,1080,,,,591,,693,,,,,,,,,,
"Birmingham, Selly Oak",England,West Midlands,74370,48985,Hold,15629,30836,1644,,,,876,,,,,,,,,,,,
"Birmingham, Yardley",England,West Midlands,72581,44502,Hold,8824,25398,7984,,,1916,280,100,,,,,,,,,,,
Bishop Auckland,England,North East,67661,43281,Hold,20306,20808,1176,,,,,,991,,,,,,,,,,
Blackburn,England,North West,70664,47512,Hold,12780,33148,709,,,,,875,,,,,,,,,,,
Blackley & Broughton,England,North West,71648,40113,Hold,8657,28258,737,,,1825,462,,174,,,,,,,,,,
Blackpool North & Cleveleys,England,North West,63967,41007,Hold,20255,18232,747,,,1392,381,,,,,,,,,,,,
Blackpool South,England,North West,58470,34953,Hold,15058,17581,634,,,1339,341,,,,,,,,,,,,
Blaenau Gwent,Wales,Wales,51227,32384,Hold,4783,18787,295,,6880,973,,666,,,,,,,,,,,
Blaydon,England,North East,68459,48084,Hold,13502,26979,4366,,,2459,583,114,81,,,,,,,,,,
Blyth Valley,England,North East,63415,42490,Hold,15855,23770,1947,,,,918,,,,,,,,,,,,
Bognor Regis & Littlehampton,England,South East,75827,51352,Hold,30276,12782,3352,,,1861,993,2088,,,,,,,,,,,
Bolsover,England,East Midlands,73429,46519,Hold,18865,24153,1372,,,2129,,,,,,,,,,,,,
Bolton North East,England,North West,67233,45183,Hold,19073,22870,1316,,,1567,357,,,,,,,,,,,,
Bolton South East,England,North West,68886,42323,Hold,12550,25676,781,,,2779,537,,,,,,,,,,,,
Bolton West,England,North West,72797,51054,Hold,24459,23523,1485,,,1587,,,,,,,,,,,,,
Bootle,England,North West,72872,50288,Hold,6059,42259,837,,,,709,,424,,,,,,,,,,
Boston & Skegness,England,East Midlands,68402,42879,Hold,27271,10699,771,,,3308,547,283,,,,,,,,,,,
Bosworth,England,East Midlands,81661,56168,Hold,31864,13513,9744,,,,1047,,,,,,,,,,,,
Bournemouth East,England,South West,74591,48618,Hold,25221,17284,3168,,,1405,1236,304,,,,,,,,,,,
Bournemouth West,England,South West,73195,44507,Hold,23812,16101,2929,,,,1247,,418,,,,,,,,,,
Bracknell,England,South East,79199,55912,Hold,32882,16886,4186,,,1521,,437,,,,,,,,,,,
Bradford East,England,Yorkshire & Humber,70389,45622,Hold,9291,29831,843,,,1372,289,3576,420,,,,,,,,,,
Bradford South,England,Yorkshire & Humber,67752,41049,Hold,15664,22364,516,,,1758,370,377,,,,,,,,,,,
Bradford West,England,Yorkshire & Humber,67568,45515,Hold,7542,29444,712,,,885,481,6345,106,,,,,,,,,,
Braintree,England,East of England,75316,52326,Hold,32873,14451,2251,,,1835,916,,,,,,,,,,,,
Brecon & Radnorshire,Wales,Wales,56010,41334,Hold,20081,7335,12043,,1299,576,,,,,,,,,,,,,
Brent Central,England,London,80499,52296,Hold,10211,38208,2519,,,556,802,,,,,,,,,,,,
Brent North,England,London,82567,56444,Hold,18435,35496,1614,,,,660,239,,,,,,,,,,,
Brentford & Isleworth,England,London,85164,61629,Hold,23182,35364,3083,,,,,,,,,,,,,,,,
Brentwood & Ongar,England,East of England,75067,52806,Hold,34811,10809,4426,,,1845,915,,,,,,,,,,,,
Bridgend,Wales,Wales,62185,43255,Hold,17213,21913,919,,1783,781,,646,,,,,,,,,,,
Bridgwater & West Somerset,England,South West,89294,58267,Hold,32111,16663,6332,,,2102,1059,,,,,,,,,,,,
Brigg & Goole,England,Yorkshire & Humber,66069,45057,Hold,27219,14856,836,,,1596,550,,,,,,,,,,,,
"Brighton, Kemptown",England,South East,67893,49207,Gain,18835,28703,1457,,,,,212,,,,,,,,,,,
"Brighton, Pavilion",England,South East,75486,57677,Hold,11082,15450,,,,630,30139,376,,,,,,,,,,,
Bristol East,England,South West,72415,50799,Hold,17453,30847,1389,,,,1110,,,,,,,,,,,,
Bristol North West,England,South West,75434,54096,Gain,22639,27400,2814,,,,1243,,,,,,,,,,,,
Bristol South,England,South West,83012,54382,Hold,16679,32666,1821,,,1672,1428,116,,,,,,,,,,,
Bristol West,England,South West,93003,71608,Hold,9877,47213,5201,,,,9216,,101,,,,,,,,,,
Broadland,England,East of England,77334,55971,Hold,32406,16590,4449,,,1594,932,,,,,,,,,,,,
Bromley & Chislehurst,England,London,65117,46662,Hold,25175,15585,3369,,,1383,1150,,,,,,,,,,,,
Bromsgrove,England,West Midlands,73571,54040,Hold,33493,16920,2488,,,1139,,,,,,,,,,,,,
Broxbourne,England,East of England,73502,47491,Hold,29521,13723,1481,,,1918,848,,,,,,,,,,,,
Broxtowe,England,East Midlands,74013,55508,Hold,25983,25120,2247,,,1477,681,,,,,,,,,,,,
Buckingham,England,South East,79615,52724,Hold,,,,,,4168,8574,5683,,,,,,,,,,,34299
Burnley,England,North West,64709,40290,Hold,12479,18832,6046,,,2472,461,,,,,,,,,,,,
Burton,England,West Midlands,73954,49911,Hold,28936,18889,1262,,,,824,,,,,,,,,,,,
Bury North,England,North West,67580,47903,Gain,21308,25683,912,,,,,,,,,,,,,,,,
Bury South,England,North West,73715,50990,Hold,21200,27165,1065,,,1316,,244,,,,,,,,,,,
Bury St Edmunds,England,East of England,86071,62160,Hold,36794,18353,3565,,,,2596,852,,,,,,,,,,,
Caerphilly,Wales,Wales,64381,41297,Hold,10413,22491,725,,5962,1259,447,,,,,,,,,,,,
"Caithness, Sutherland & Easter Ross",Scotland,Scotland,46868,30601,Gain,6690,3833,11061,9017,,,,,,,,,,,,,,,
Calder Valley,England,Yorkshire & Humber,79045,58054,Hold,26790,26181,1952,,,1466,631,1034,,,,,,,,,,,
Camberwell & Peckham,England,London,85613,57412,Hold,7349,44665,3413,,,,1627,358,,,,,,,,,,,
Camborne & Redruth,England,South West,68419,48456,Hold,23001,21424,2979,,,,1052,,,,,,,,,,,,
Cambridge,England,East of England,78544,55934,Hold,9133,29032,16371,,,,1265,133,,,,,,,,,,,
Cannock Chase,England,West Midlands,74540,47872,Hold,26318,17927,794,,,2018,815,,,,,,,,,,,,
Canterbury,England,South East,78182,56800,Gain,25385,25572,4561,,,,1282,,,,,,,,,,,,
Cardiff Central,Wales,Wales,59288,40367,Hold,7997,25193,5415,,999,343,420,,,,,,,,,,,,
Cardiff North,Wales,Wales,67221,52022,Gain,21907,26081,1714,,1738,582,,,,,,,,,,,,,
Cardiff South & Penarth,Wales,Wales,76499,50736,Hold,15318,30182,1430,,2162,942,532,170,,,,,,,,,,,
Cardiff West,Wales,Wales,66775,46629,Hold,13874,26425,1214,,4418,698,,,,,,,,,,,,,
Carlisle,England,North West,62294,43056,Hold,21472,18873,1256,,,1455,,,,,,,,,,,,,
Carmarthen East & Dinefwr,Wales,Wales,55976,41029,Hold,10778,12219,920,,16127,985,,,,,,,,,,,,,
Carmarthen West & South Pembrokeshire,Wales,Wales,58565,42226,Hold,19771,16661,956,,3933,905,,,,,,,,,,,,,
Carshalton & Wallington,England,London,70849,50753,Hold,19450,9360,20819,,,,501,434,189,,,,,,,,,,
Castle Point,England,East of England,69470,44710,Hold,30076,11204,1049,,,2381,,,,,,,,,,,,,
Central Ayrshire,Scotland,Scotland,68999,45087,Hold,15504,11762,1050,16771,,,,,,,,,,,,,,,
Central Devon,England,South West,74370,57844,Hold,31278,15598,6770,,,1326,1531,871,470,,,,,,,,,,
Central Suffolk & North Ipswich,England,East of England,78116,56504,Hold,33992,16807,2431,,,1635,1639,,,,,,,,,,,,
Ceredigion,Wales,Wales,54262,39767,Gain,7307,8017,11519,,11623,602,542,,157,,,,,,,,,,
Charnwood,England,East Midlands,78071,55176,Hold,33318,16977,2052,,,1471,1036,322,,,,,,,,,,,
Chatham & Aylesford,England,South East,70419,44890,Hold,25587,15129,1116,,,2225,573,,260,,,,,,,,,,
Cheadle,England,North West,73406,54572,Hold,24331,10417,19824,,,,,,,,,,,,,,,,
Chelmsford,England,East of England,81032,56860,Hold,30525,16953,6916,,,1645,821,,,,,,,,,,,,
Chelsea & Fulham,England,London,63728,42128,Hold,22179,13991,4627,,,524,807,,,,,,,,,,,,
Cheltenham,England,South West,78878,57012,Hold,26615,5408,24046,,,,943,,,,,,,,,,,,
Chesham & Amersham,England,South East,71654,55252,Hold,33514,11374,7179,,,1525,1660,,,,,,,,,,,,
Chesterfield,England,East Midlands,72069,47927,Hold,16661,26266,2612,,,1611,777,,,,,,,,,,,,
Chichester,England,South East,84991,59918,Hold,36032,13411,6749,,,1650,1992,84,,,,,,,,,,,
Chingford & Woodford Green,England,London,65958,46961,Hold,23076,20638,2043,,,,1204,,,,,,,,,,,,
Chippenham,England,South West,76432,50633,Hold,35230,10059,4020,,,,1324,,,,,,,,,,,,
Chipping Barnet,England,London,77218,55423,Hold,25679,25326,3012,,,,1406,,,,,,,,,,,,
Chorley,England,North West,76404,55634,Hold,23233,30745,1126,,,,530,,,,,,,,,,,,
Christchurch,England,South West,70309,50633,Hold,35230,10059,4020,,,,1324,,,,,,,,,,,,
Cities of London & Westminster,England,London,61533,38654,Hold,18005,14857,4270,,,426,821,173,102,,,,,,,,,,
City of Chester,England,North West,72859,56471,Hold,22847,32073,1551,,,,,,,,,,,,,,,,
City of Durham,England,North East,71132,48324,Hold,14408,26772,4787,,,1116,797,399,45,,,,,,,,,,
Clacton,England,East of England,68566,42310,Gain,27031,11203,,,,3357,719,,,,,,,,,,,,
Cleethorpes,England,Yorkshire & Humber,72711,47844,Hold,27321,16921,1110,,,2022,470,,,,,,,,,,,,
Clwyd South,Wales,Wales,53729,37474,Hold,14646,19002,731,,2293,802,,,,,,,,,,,,,
Clwyd West,Wales,Wales,58263,40654,Hold,19541,16104,1091,,3918,,,,,,,,,,,,,,
"Coatbridge, Chryston & Bellshill",Scotland,Scotland,71198,45040,Gain,7318,19193,922,17607,,,,,,,,,,,,,,,
Colchester,England,East of England,79996,53545,Hold,24565,18888,9087,,,,828,,177,,,,,,,,,,
Colne Valley,England,Yorkshire & Humber,84387,60483,Gain,27903,28881,2494,,,,892,313,,,,,,,,,,,
Congleton,England,North West,76694,56231,Hold,31830,19211,2902,,,1289,999,,,,,,,,,,,,
Copeland,England,North West,61751,42927,Gain,21062,19367,1404,,,1094,,,,,,,,,,,,,
Corby,England,East Midlands,83020,59997,Hold,29534,26844,1545,,,1495,579,,,,,,,,,,,,
Coventry North East,England,West Midlands,75759,46508,Hold,13919,29499,1157,,,1350,502,81,,,,,,,,,,,
Coventry North West,England,West Midlands,75196,49849,Hold,18314,26894,1286,,,1525,666,1164,,,,,,,,,,,
Coventry South,England,West Midlands,70736,47009,Hold,17927,25874,1343,,,1037,604,224,,,,,,,,,,,
Crawley,England,South East,73425,50273,Hold,25426,22969,1878,,,,,,,,,,,,,,,,
Crewe & Nantwich,England,North West,78895,55027,Gain,25880,25928,1334,,,1885,,,,,,,,,,,,,
Croydon Central,England,London,80045,57091,Gain,24221,29873,1083,,,1040,626,71,177,,,,,,,,,,
Croydon North,England,London,87461,59623,Hold,11848,44213,1656,,,753,983,170,,,,,,,,,,,
Croydon South,England,London,83518,61257,Hold,33334,21928,3541,,,1116,1125,,213,,,,,,,,,,
"Cumbernauld, Kilsyth & Kirkintilloch East",Scotland,Scotland,66554,43833,Hold,8010,14858,1238,19122,,605,,,,,,,,,,,,,
Cynon Valley,Wales,Wales,51334,31802,Hold,6166,19404,585,,4376,1271,,,,,,,,,,,,,
Dagenham & Rainham,England,London,70616,45537,Hold,18000,22958,465,,,3246,544,239,85,,,,,,,,,,
Darlington,England,North East,66341,44817,Hold,19401,22681,1031,,,1180,524,,,,,,,,,,,,
Dartford,England,South East,78506,54224,Hold,31210,18024,1428,,,2544,807,211,,,,,,,,,,,
Daventry,England,East Midlands,75268,55663,Hold,35464,13730,4015,,,1497,957,,,,,,,,,,,,
Delyn,Wales,Wales,54090,39418,Hold,16333,20573,1031,,1481,,,,,,,,,,,,,,
Denton & Reddish,England,North West,67674,39599,Hold,11084,25161,853,,,1798,486,,217,,,,,,,,,,
Derby North,England,East Midlands,69919,48672,Gain,21607,23622,2262,,,1181,,,,,,,,,,,,,
Derby South,England,East Midlands,69918,45306,Hold,15182,26430,1229,,,2011,454,,,,,,,,,,,,
Derbyshire Dales,England,East Midlands,64430,49571,Hold,29744,15417,3126,,,,1002,282,,,,,,,,,,,
Devizes,England,South West,72184,50593,Hold,31744,10608,4706,,,1706,1606,223,,,,,,,,,,,
Dewsbury,England,Yorkshire & Humber,81343,56545,Hold,25493,28814,1214,,,,1024,,,,,,,,,,,,
Don Valley,England,Yorkshire & Humber,73990,45988,Hold,19182,24351,856,,,,,1599,,,,,,,,,,,
Doncaster Central,England,Yorkshire & Humber,71718,43024,Hold,14784,24915,973,,,,,1346,1006,,,,,,,,,,
Doncaster North,England,Yorkshire & Humber,72377,42312,Hold,11687,25711,706,,,2738,,741,729,,,,,,,,,,
Dover,England,South East,74564,51966,Hold,27211,20774,1336,,,1722,923,,,,,,,,,,,,
Dudley North,England,West Midlands,62043,38910,Hold,18068,18090,368,,,2144,240,,,,,,,,,,,,
Dudley South,England,West Midlands,61323,38244,Hold,21588,13858,625,,,1791,382,,,,,,,,,,,,
Dulwich & West Norwood,England,London,78037,56143,Hold,10940,39096,4475,,,,1408,121,103,,,,,,,,,,
Dumfries & Galloway,Scotland,Scotland,74206,51599,Gain,22344,10775,1241,16701,,,,538,,,,,,,,,,,
"Dumfriesshire, Clydesdale & Tweeddale",Scotland,Scotland,67672,48964,Hold,24177,8102,1949,14736,,,,,,,,,,,,,,,
Dundee East,Scotland,Scotland,65854,42928,Hold,11746,11176,1615,18391,,,,,,,,,,,,,,,
Dundee West,Scotland,Scotland,62644,38617,Hold,6257,12723,1189,18045,,,,403,,,,,,,,,,,
Dunfermline & West Fife,Scotland,Scotland,75672,51010,Hold,12593,17277,3019,18121,,,,,,,,,,,,,,,
Dwyfor Meirionnydd,Wales,Wales,44699,30348,Hold,8837,6273,937,,13687,614,,,,,,,,,,,,,
Ealing Central & Acton,England,London,74200,55342,Hold,19230,33037,3075,,,,,,,,,,,,,,,,
Ealing North,England,London,74764,52518,Hold,14942,34635,1275,,,921,745,,,,,,,,,,,,
"Ealing, Southall",England,London,65188,45145,Hold,9630,31720,1892,,,504,1037,362,,,,,,,,,,,
Easington,England,North East,62385,36276,Hold,8216,23152,416,,,1727,410,,2355,,,,,,,,,,
East Antrim,Northern Ireland,Northern Ireland,62908,38143,,963,,,,,,,,,21873,3555,5950,1278,4524,,,,,
East Devon,England,South West,82369,60382,Hold,29306,6857,1468,,,1203,,21270,278,,,,,,,,,,
East Dunbartonshire,Scotland,Scotland,66300,51801,Gain,7563,7531,21023,15684,,,,,,,,,,,,,,,
East Ham,England,London,83928,56633,Hold,7241,47124,656,,,697,474,130,311,,,,,,,,,,
East Hampshire,England,South East,74151,55408,Hold,35263,9411,8403,,,,1760,571,,,,,,,,,,,
"East Kilbride, Strathaven & Lesmahagow",Scotland,Scotland,80442,54102,Hold,13704,17157,1590,21023,,628,,,,,,,,,,,,,
East Londonderry,Northern Ireland,Northern Ireland,67038,41030,,330,,,,,,,,,19723,10881,2538,4423,3135,,,,,
East Lothian,Scotland,Scotland,79093,55878,Gain,16540,20158,1738,17075,,,,367,,,,,,,,,,,
East Renfrewshire,Scotland,Scotland,70067,53738,Gain,21496,14346,1112,16784,,,,,,,,,,,,,,,
East Surrey,England,South East,82004,59203,Hold,35310,11396,6197,,,2227,1100,2973,,,,,,,,,,,
East Worthing & Shoreham,England,South East,75525,53117,Hold,25988,20882,2523,,,1444,1273,432,575,,,,,,,,,,
East Yorkshire,England,Yorkshire & Humber,81065,53956,Hold,31442,16436,2134,,,1986,943,,1015,,,,,,,,,,
Eastbourne,England,South East,78754,57420,Gain,25315,4671,26924,,,,510,,,,,,,,,,,,
Eastleigh,England,South East,81212,57280,Hold,28889,11454,14710,,,1477,750,,,,,,,,,,,,
Eddisbury,England,North West,70272,51319,Hold,29192,17250,2804,,,1109,785,,179,,,,,,,,,,
Edinburgh East,Scotland,Scotland,65896,43523,Hold,8081,15084,1849,18509,,,,,,,,,,,,,,,
Edinburgh North & Leith,Scotland,Scotland,79473,56552,Hold,15385,17618,2579,19243,,,1727,,,,,,,,,,,,
Edinburgh South,Scotland,Scotland,64553,47840,Hold,9428,26269,1388,10755,,,,,,,,,,,,,,,
Edinburgh South West,Scotland,Scotland,71178,49390,Hold,16478,13213,2124,17575,,,,,,,,,,,,,,,
Edinburgh West,Scotland,Scotland,71500,52795,Gain,11559,7876,18108,15120,,,,132,,,,,,,,,,,
Edmonton,England,London,65777,43678,Hold,10106,31221,858,,,860,633,,,,,,,,,,,,
Ellesmere Port & Neston,England,North West,68666,50939,Hold,18747,30137,892,,,821,342,,,,,,,,,,,,
Elmet & Rothwell,England,Yorkshire & Humber,80291,59542,Hold,32352,22547,2606,,,,995,1042,,,,,,,,,,,
Eltham,England,London,64474,46155,Hold,18832,25128,1457,,,,,,738,,,,,,,,,,
Enfield North,England,London,68076,48565,Hold,17930,28177,1036,,,848,574,,,,,,,,,,,,
"Enfield, Southgate",England,London,65210,48328,Gain,20634,24989,1925,,,,780,,,,,,,,,,,,
Epping Forest,England,East of England,74737,50779,Hold,31462,13219,2884,,,1871,1233,,110,,,,,,,,,,
Epsom & Ewell,England,South East,80029,59266,Hold,35313,14838,7401,,,,1714,,,,,,,,,,,,
Erewash,England,East Midlands,72995,49781,Hold,25939,21405,1243,,,,675,519,,,,,,,,,,,
Erith & Thamesmead,England,London,69724,44464,Hold,15571,25585,750,,,1728,507,80,243,,,,,,,,,,
Esher & Walton,England,South East,80938,59842,Hold,35071,11773,10374,,,1034,1074,198,318,,,,,,,,,,
Exeter,England,South West,77330,55356,Hold,18219,34336,1562,,,,1027,212,,,,,,,,,,,
Falkirk,Scotland,Scotland,82240,53809,Hold,14088,16029,1120,20952,,712,908,,,,,,,,,,,,
Fareham,England,South East,78837,57014,Hold,35915,14360,3896,,,1541,1302,,,,,,,,,,,,
Faversham & Mid Kent,England,South East,66425,49749,Hold,30390,12977,3249,,,1702,1431,,,,,,,,,,,,
Feltham & Heston,England,London,81714,53127,Hold,16859,32562,1387,,,1510,809,,,,,,,,,,,,
Fermanagh & South Tyrone,Northern Ireland,Northern Ireland,70601,53481,,,,,,,,423,,,,25230,886,2587,24355,,,,,
Filton & Bradley Stoke,England,South West,72483,50694,Hold,25331,21149,3052,,,,1162,,,,,,,,,,,,
Finchley & Golders Green,England,London,73329,52385,Hold,24599,22942,3463,,,462,919,,,,,,,,,,,,
Folkestone & Hythe,England,South East,86272,58761,Hold,32197,16786,4222,,,2565,2498,493,,,,,,,,,,,
Forest of Dean,England,South West,70898,51767,Hold,28096,18594,2029,,,1237,1241,570,,,,,,,,,,,
Foyle,Northern Ireland,Northern Ireland,70324,45965,,,,,,,,,,,7398,18256,847,18087,,,1377,,,
Fylde,England,North West,65937,46467,Hold,27334,15529,2341,,,,1263,,,,,,,,,,,,
Gainsborough,England,East Midlands,75893,51425,Hold,31790,14767,3630,,,,1238,,,,,,,,,,,,
Garston & Halewood,England,North West,75248,53522,Hold,9450,41599,1723,,,,750,,,,,,,,,,,,
Gateshead,England,North East,65186,42103,Hold,10076,27426,1709,,,2281,611,,,,,,,,,,,,
Gedling,England,East Midlands,71223,51682,Hold,22139,26833,1052,,,1143,515,,,,,,,,,,,,
Gillingham & Rainham,England,South East,72903,48868,Hold,27091,17661,1372,,,2097,520,,127,,,,,,,,,,
Glasgow Central,Scotland,Scotland,64346,35984,Hold,5014,13829,1045,16096,,,,,,,,,,,,,,,
Glasgow East,Scotland,Scotland,66242,36175,Hold,6816,13949,576,14024,,504,,158,148,,,,,,,,,,
Glasgow North,Scotland,Scotland,53862,33473,Hold,4935,11537,1153,12597,,,3251,,,,,,,,,,,,
Glasgow North East,Scotland,Scotland,59931,31775,Gain,4106,13637,637,13395,,,,,,,,,,,,,,,
Glasgow North West,Scotland,Scotland,63773,38844,Hold,7002,13947,1387,16508,,,,,,,,,,,,,,,
Glasgow South,Scotland,Scotland,69126,44550,Hold,8506,16285,1447,18312,,,,,,,,,,,,,,,
Glasgow South West,Scotland,Scotland,62991,35378,Hold,5524,14326,661,14386,,481,,,,,,,,,,,,,
Glenrothes,Scotland,Scotland,66378,40399,Hold,7876,14024,1208,17291,,,,,,,,,,,,,,,
Gloucester,England,South West,82965,54071,Hold,27208,21688,2716,,,1495,754,210,,,,,,,,,,,
Gordon,Scotland,Scotland,78531,53685,Gain,21861,6340,6230,19254,,,,,,,,,,,,,,,
Gosport,England,South East,74152,49481,Hold,30647,13436,2328,,,1790,1024,256,,,,,,,,,,,
Gower,Wales,Wales,62163,45576,Gain,19458,22727,931,,1669,642,,149,,,,,,,,,,,
Grantham & Stamford,England,East Midlands,81740,56593,Hold,35090,14996,3120,,,1745,782,860,,,,,,,,,,,
Gravesham,England,South East,72954,48997,Hold,27237,17890,1210,,,1742,723,195,,,,,,,,,,,
Great Grimsby,England,Yorkshire & Humber,61743,35521,Hold,14980,17545,954,,,1648,,394,,,,,,,,,,,
Great Yarmouth,England,East of England,71408,44146,Hold,23901,15928,987,,,2767,563,,,,,,,,,,,,
Greenwich & Woolwich,England,London,77190,53106,Hold,13501,34215,3785,,,,1605,,,,,,,,,,,,
Guildford,England,South East,75291,55509,Hold,30295,10545,13255,,,,1152,57,205,,,,,,,,,,
Hackney North & Stoke Newington,England,London,85058,56298,Hold,7126,42265,3817,,,,2606,203,281,,,,,,,,,,
Hackney South & Shoreditch,England,London,83099,55128,Hold,6043,43974,3168,,,,1522,143,278,,,,,,,,,,
Halesowen & Rowley Regis,England,West Midlands,68856,44379,Hold,23012,17759,859,,,2126,440,183,,,,,,,,,,,
Halifax,England,Yorkshire & Humber,71224,48276,Hold,20131,25507,1070,,,1568,,,,,,,,,,,,,
Haltemprice & Howden,England,Yorkshire & Humber,71519,51440,Hold,31355,15950,2482,,,,711,942,,,,,,,,,,,
Halton,England,North West,73457,49553,Hold,10710,36150,896,,,1488,,309,,,,,,,,,,,
Hammersmith,England,London,72803,52252,Hold,14724,33375,2802,,,507,800,44,,,,,,,,,,,
Hampstead & Kilburn,England,London,82957,58407,Hold,18904,34464,4100,,,,742,136,61,,,,,,,,,,
Harborough,England,East Midlands,78810,57568,Hold,30105,17706,7286,,,1361,1110,,,,,,,,,,,,
Harlow,England,East of England,67699,44846,Hold,24230,17199,970,,,1787,660,,,,,,,,,,,,
Harrogate & Knaresborough,England,Yorkshire & Humber,77280,56740,Hold,31477,11395,13309,,,,,559,,,,,,,,,,,
Harrow East,England,London,71755,50845,Hold,25129,23372,1573,,,,771,,,,,,,,,,,,
Harrow West,England,London,69797,50355,Hold,17326,30640,1267,,,470,652,,,,,,,,,,,,
Hartlepool,England,North East,70718,41835,Hold,14319,21969,746,,,4801,,,,,,,,,,,,,
Harwich & North Essex,England,East of England,71294,51141,Hold,29921,15565,2787,,,1685,1042,,141,,,,,,,,,,
Hastings & Rye,England,South East,78319,54766,Hold,25668,25322,1885,,,1479,,412,,,,,,,,,,,
Havant,England,South East,72470,46314,Hold,27676,11720,2801,,,2011,1122,984,,,,,,,,,,,
Hayes & Harlington,England,London,73268,47802,Hold,13681,31796,601,,,1153,571,,,,,,,,,,,,
Hazel Grove,England,North West,63166,44132,Hold,20047,9036,14533,,,,516,,,,,,,,,,,,
Hemel Hempstead,England,East of England,74415,52282,Hold,28735,19290,3233,,,,1024,,,,,,,,,,,,
Hemsworth,England,Yorkshire & Humber,71870,45944,Hold,15566,25740,912,,,2591,,1135,,,,,,,,,,,
Hendon,England,London,76522,52211,Hold,25078,24002,1985,,,568,578,,,,,,,,,,,,
Henley,England,South East,74997,57099,Hold,33749,11455,8485,,,1154,1864,,392,,,,,,,,,,
Hereford & South Herefordshire,England,West Midlands,71088,50484,Hold,27004,11991,3556,,,1153,1220,5560,,,,,,,,,,,
Hertford & Stortford,England,East of England,82339,59992,Hold,36184,17149,4845,,,,1814,,,,,,,,,,,,
Hertsmere,England,East of England,73561,52253,Hold,31928,14977,2794,,,1564,990,,,,,,,,,,,,
Hexham,England,North East,61053,46224,Hold,24996,15760,3285,,,930,1253,,,,,,,,,,,,
Heywood & Middleton,England,North West,79901,49865,Hold,18961,26578,1087,,,3239,,,,,,,,,,,,,
High Peak,England,East Midlands,73248,53853,Gain,24431,26753,2669,,,,,,,,,,,,,,,,
Hitchin & Harpenden,England,East of England,75916,58846,Hold,31189,19158,6236,,,,1329,692,242,,,,,,,,,,
Holborn & St Pancras,England,London,88088,58997,Hold,10834,41343,4020,,,727,1980,,93,,,,,,,,,,
Hornchurch & Upminster,England,London,80802,56107,Hold,33750,16027,1371,,,3502,1077,,380,,,,,,,,,,
Hornsey & Wood Green,England,London,79946,62293,Hold,9246,40738,10000,,,429,1181,,699,,,,,,,,,,
Horsham,England,South East,82772,61987,Hold,36906,13422,7644,,,1533,1844,,638,,,,,,,,,,
Houghton & Sunderland South,England,North East,68123,41580,Hold,12324,24765,908,,,2379,725,479,,,,,,,,,,,
Hove,England,South East,74236,57596,Hold,18185,36942,1311,,,,971,187,,,,,,,,,,,
Huddersfield,England,Yorkshire & Humber,67037,43834,Hold,14465,26470,1155,,,,1395,274,75,,,,,,,,,,
Huntingdon,England,East of England,84273,59720,Hold,32915,18440,5090,,,2180,1095,,,,,,,,,,,,
Hyndburn,England,North West,73111,45202,Hold,18305,24120,824,,,1953,,,,,,,,,,,,,
Ilford North,England,London,70791,52941,Hold,20950,30589,1034,,,,,368,,,,,,,,,,,
Ilford South,England,London,82487,57657,Hold,12077,43724,772,,,477,542,,65,,,,,,,,,,
Inverclyde,Scotland,Scotland,58853,39093,Hold,8399,14666,978,15050,,,,,,,,,,,,,,,
"Inverness, Nairn, Badenoch & Strathspey",Scotland,Scotland,76844,52801,Hold,16118,8552,6477,21042,,,,612,,,,,,,,,,,
Ipswich,England,East of England,75668,51016,Gain,23393,24224,1187,,,1372,840,,,,,,,,,,,,
Isle of Wight,England,South East,110683,74479,Hold,38190,17121,2740,,,1921,12915,1592,,,,,,,,,,,
Islington North,England,London,74831,55228,Hold,6871,40086,4946,,,413,2229,41,642,,,,,,,,,,
Islington South & Finsbury,England,London,69536,48049,Hold,9925,30188,5809,,,929,1198,,,,,,,,,,,,
Islwyn,Wales,Wales,56256,36093,Hold,9826,21238,685,,2739,1605,,,,,,,,,,,,,
Jarrow,England,North East,64778,43023,Hold,10757,28020,1163,,,2338,745,,,,,,,,,,,,
Keighley,England,Yorkshire & Humber,71429,51724,Gain,23817,24066,1226,,,1291,790,534,,,,,,,,,,,
Kenilworth & Southam,England,West Midlands,66319,51311,Hold,31207,13121,4921,,,929,1133,,,,,,,,,,,,
Kensington,England,London,60588,38677,Gain,16313,16333,4724,,,,767,393,147,,,,,,,,,,
Kettering,England,East Midlands,71440,49404,Hold,28616,18054,1618,,,,1116,,,,,,,,,,,,
Kilmarnock & Loudoun,Scotland,Scotland,73327,46509,Hold,12404,13421,994,19690,,,,,,,,,,,,,,,
Kingston & Surbiton,England,London,81588,62178,Gain,23686,9203,27810,,,675,536,100,168,,,,,,,,,,
Kingston upon Hull East,England,Yorkshire & Humber,65959,36638,Hold,10959,21355,1258,,,2573,493,,,,,,,,,,,,
Kingston upon Hull North,England,Yorkshire & Humber,64665,37102,Hold,9363,23625,1869,,,1601,644,,,,,,,,,,,,
Kingston upon Hull West & Hessle,England,Yorkshire & Humber,60181,34565,Hold,10317,18342,2210,,,1399,332,1898,67,,,,,,,,,,
Kingswood,England,South West,69368,48741,Hold,26754,19254,1749,,,,984,,,,,,,,,,,,
Kirkcaldy & Cowdenbeath,Scotland,Scotland,72721,46193,Gain,10762,17016,1118,16757,,540,,,,,,,,,,,,,
Knowsley,England,North West,81760,55483,Hold,5137,47351,1189,,,1285,521,,,,,,,,,,,,
Lagan Valley,Northern Ireland,Northern Ireland,72380,44926,,462,,,,,,,222,,26762,1567,4996,3384,7533,,,,,
Lanark & Hamilton East,Scotland,Scotland,77313,50470,Hold,16178,16084,1214,16444,,550,,,,,,,,,,,,,
Lancaster & Fleetwood,England,North West,67154,45989,Hold,18681,25342,1170,,,,796,,,,,,,,,,,,
Leeds Central,England,Yorkshire & Humber,89537,47673,Hold,9755,33453,1063,,,2056,1189,157,,,,,,,,,,,
Leeds East,England,Yorkshire & Humber,65950,41441,Hold,12676,25428,739,,,1742,434,422,,,,,,,,,,,
Leeds North East,England,Yorkshire & Humber,70112,52999,Hold,16445,33436,1952,,,,680,303,183,,,,,,,,,,
Leeds North West,England,Yorkshire & Humber,68152,46287,Gain,9097,20416,16192,,,,582,,,,,,,,,,,,
Leeds West,England,Yorkshire & Humber,67955,42229,Hold,11048,27013,905,,,1815,1023,378,47,,,,,,,,,,
Leicester East,England,East Midlands,77788,52404,Hold,12668,35116,1343,,,,1070,1753,454,,,,,,,,,,
Leicester South,England,East Midlands,75534,50607,Hold,10986,37157,1287,,,,1177,,,,,,,,,,,,
Leicester West,England,East Midlands,64843,37485,Hold,11736,22823,792,,,1406,607,121,,,,,,,,,,,
Leigh,England,North West,76202,46874,Hold,16793,26347,951,,,2783,,,,,,,,,,,,,
Lewes,England,South East,70941,54192,Hold,26820,6060,21312,,,,,,,,,,,,,,,,
Lewisham East,England,London,68124,47201,Hold,10859,32072,2086,,,798,803,355,228,,,,,,,,,,
Lewisham West & Penge,England,London,72899,53196,Hold,12249,35411,3317,,,700,1144,,375,,,,,,,,,,
"Lewisham, Deptford",England,London,78468,55112,Hold,7562,42461,2911,,,,1640,,538,,,,,,,,,,
Leyton & Wanstead,England,London,65149,46173,Hold,9627,32234,2961,,,,1351,,,,,,,,,,,,
Lichfield,England,West Midlands,74430,53524,Hold,34018,15437,2653,,,,1416,,,,,,,,,,,,
Lincoln,England,East Midlands,73111,48594,Gain,21795,23333,1284,,,1287,583,312,,,,,,,,,,,
Linlithgow & East Falkirk,Scotland,Scotland,86186,56094,Hold,16311,17469,1926,20388,,,,,,,,,,,,,,,
"Liverpool, Riverside",England,North West,76332,48020,Hold,4652,40599,1187,,,,1582,,,,,,,,,,,,
"Liverpool, Walton",England,North West,62738,42197,Hold,3624,36175,638,,,,523,1237,,,,,,,,,,,
"Liverpool, Wavertree",England,North West,62411,43640,Hold,5251,34717,2858,,,,598,216,,,,,,,,,,,
"Liverpool, West Derby",England,North West,65164,44529,Hold,4463,37371,545,,,,,,2150,,,,,,,,,,
Livingston,Scotland,Scotland,81208,52505,Hold,12799,17158,1512,21036,,,,,,,,,,,,,,,
Llanelli,Wales,Wales,59434,40342,Hold,9544,21568,548,,7351,1331,,,,,,,,,,,,,
Loughborough,England,East Midlands,79607,54148,Hold,27022,22753,1937,,,1465,971,,,,,,,,,,,,
Louth & Horncastle,England,East Midlands,79007,52771,Hold,33733,14092,1990,,,2460,,,496,,,,,,,,,,
Ludlow,England,West Midlands,68034,49970,Hold,31433,12147,5336,,,,1054,,,,,,,,,,,,
Luton North,England,East of England,66811,46622,Hold,15401,29765,808,,,,648,,,,,,,,,,,,
Luton South,England,East of England,67188,46133,Hold,14879,28804,1056,,,795,439,160,,,,,,,,,,,
Macclesfield,England,North West,75228,51932,Hold,28595,19987,3350,,,,,,,,,,,,,,,,
Maidenhead,England,South East,76076,58239,Hold,37718,11261,6540,,,871,907,249,693,,,,,,,,,,
Maidstone & The Weald,England,South East,75334,51696,Hold,29136,11432,8455,,,1613,888,172,,,,,,,,,,,
Makerfield,England,North West,74259,47262,Hold,14703,28245,1322,,,,329,,2663,,,,,,,,,,
Maldon,England,East of England,71470,50202,Hold,34111,10681,2181,,,1899,1073,,257,,,,,,,,,,
Manchester Central,England,North West,90261,49720,Hold,7045,38490,1678,,,1469,846,,192,,,,,,,,,,
"Manchester, Gorton",England,North West,75362,45953,Hold,3355,35085,2597,,,952,1038,2615,311,,,,,,,,,,
"Manchester, Withington",England,North West,74654,53602,Hold,5530,38424,8549,,,,865,,234,,,,,,,,,,
Mansfield,England,East Midlands,77811,50157,Gain,23392,22335,697,,,2654,,1079,,,,,,,,,,,
Meon Valley,England,South East,74246,54192,Hold,35624,9932,5900,,,1435,1301,,,,,,,,,,,,
Meriden,England,West Midlands,81443,54643,Hold,33873,14675,2663,,,2016,1416,,,,,,,,,,,,
Merthyr Tydfil & Rhymney,Wales,Wales,55463,33545,Hold,6073,22407,841,,2740,1484,,,,,,,,,,,,,
Mid Bedfordshire,England,East of England,84161,63148,Hold,38936,17953,3798,,,,1794,,667,,,,,,,,,,
Mid Derbyshire,England,East Midlands,67466,50371,Hold,29513,17897,1793,,,,1168,,,,,,,,,,,,
Mid Dorset & North Poole,England,South West,65050,48254,Hold,28585,6423,13246,,,,,,,,,,,,,,,,
Mid Norfolk,England,East of England,80027,55668,Hold,32828,16742,2848,,,2092,1158,,,,,,,,,,,,
Mid Sussex,England,South East,84170,61632,Hold,35082,15409,7855,,,1251,1571,,464,,,,,,,,,,
Mid Ulster,Northern Ireland,Northern Ireland,68485,46694,,,,,,,,,,,12565,25455,1094,4563,3017,,,,,
Mid Worcestershire,England,West Midlands,76057,55089,Hold,35967,12641,3450,,,1660,1371,,,,,,,,,,,,
Middlesbrough,England,North East,61059,35637,Hold,9531,23404,368,,,1452,250,632,,,,,,,,,,,
Middlesbrough South & East Cleveland,England,North East,72336,47620,Gain,23643,22623,1354,,,,,,,,,,,,,,,,
Midlothian,Scotland,Scotland,68328,45273,Gain,11521,16458,1721,15573,,,,,,,,,,,,,,,
Milton Keynes North,England,South East,89207,63864,Hold,30307,28392,2499,,,1390,1107,,169,,,,,,,,,,
Milton Keynes South,England,South East,92417,64486,Hold,30652,28927,1895,,,1833,1179,,,,,,,,,,,,
Mitcham & Morden,England,London,68705,48118,Hold,11664,33039,1494,,,1054,644,,223,,,,,,,,,,
Mole Valley,England,South East,74545,56726,Hold,35092,7864,10955,,,1352,1463,,,,,,,,,,,,
Monmouth,Wales,Wales,64909,49734,Hold,26411,18205,2064,,1338,762,954,,,,,,,,,,,,
Montgomeryshire,Wales,Wales,50755,34891,Hold,18075,5542,8790,,1960,,524,,,,,,,,,,,,
Moray,Scotland,Scotland,70649,47605,Gain,22637,5208,1078,18478,,,,204,,,,,,,,,,,
Morecambe & Lunesdale,England,North West,66818,45657,Hold,21773,20374,1699,,,1333,478,,,,,,,,,,,,
Morley & Outwood,England,Yorkshire & Humber,76495,52357,Hold,26550,24446,1361,,,,,,,,,,,,,,,,
Motherwell & Wishaw,Scotland,Scotland,68215,41926,Hold,8490,15832,920,16150,,534,,,,,,,,,,,,,
Na hEileanan an Iar,Scotland,Scotland,21301,14818,Hold,2441,5006,250,6013,,,,1108,,,,,,,,,,,
Neath,Wales,Wales,55862,38285,Hold,9082,21713,732,,5339,1419,,,,,,,,,,,,,
New Forest East,England,South East,72602,51366,Hold,32162,10167,7786,,,,1251,,,,,,,,,,,,
New Forest West,England,South East,68786,49627,Hold,33170,9739,4781,,,,1454,,483,,,,,,,,,,
Newark,England,East Midlands,75510,55042,Hold,34493,16344,2786,,,1419,,,,,,,,,,,,,
Newbury,England,South East,82924,60849,Hold,37399,8596,13019,,,,1531,,304,,,,,,,,,,
Newcastle upon Tyne Central,England,North East,55368,37094,Hold,9134,24071,1812,,,1482,595,,,,,,,,,,,,
Newcastle upon Tyne East,England,North East,61989,41637,Hold,8866,28127,2574,,,1315,755,,,,,,,,,,,,
Newcastle upon Tyne North,England,North East,66073,48288,Hold,16380,26729,2533,,,1780,513,,353,,,,,,,,,,
NewcastleunderLyme,England,West Midlands,65596,43842,Hold,21094,21124,1624,,,,,,,,,,,,,,,,
Newport East,Wales,Wales,57233,36820,Hold,12801,20804,966,,881,1180,,188,,,,,,,,,,,
Newport West,Wales,Wales,64399,43438,Hold,17065,22723,976,,1077,1100,497,,,,,,,,,,,,
Newry & Armagh,Northern Ireland,Northern Ireland,78266,53579,,,,,,,,,,,13177,25666,1256,9055,4425,,,,,
Newton Abbot,England,South West,71714,51637,Hold,28635,11475,10601,,,,926,,,,,,,,,,,,
"Normanton, Pontefract & Castleford",England,Yorkshire & Humber,81641,48453,Hold,14769,29268,693,,,3030,,693,,,,,,,,,,,
North Antrim,Northern Ireland,Northern Ireland,75657,48460,,,,,,,,,,,28521,7878,2723,2574,3482,,,3282,,
North Ayrshire & Arran,Scotland,Scotland,73176,47433,Hold,14818,13040,1124,18451,,,,,,,,,,,,,,,
North Cornwall,England,South West,68844,50944,Hold,25835,6151,18635,,,,,,323,,,,,,,,,,
North Devon,England,South West,75801,55705,Hold,25517,7063,21185,,,1187,753,,,,,,,,,,,,
North Dorset,England,South West,76324,55724,Hold,36169,10392,7556,,,,1607,,,,,,,,,,,,
North Down,Northern Ireland,Northern Ireland,64334,39148,,941,,,,,,2549,16148,,14940,531,3639,400,,,,,,
North Durham,England,North East,66970,43284,Hold,12978,25917,1981,,,2408,,,,,,,,,,,,,
North East Bedfordshire,England,East of England,87505,64220,Hold,39139,18277,3693,,,1896,1215,,,,,,,,,,,,
North East Cambridgeshire,England,East of England,84414,53284,Hold,34340,13070,2383,,,2174,1024,,293,,,,,,,,,,
North East Derbyshire,England,East Midlands,72097,50381,Gain,24784,21923,1390,,,1565,719,,,,,,,,,,,,
North East Fife,Scotland,Scotland,58685,41822,Hold,10088,4026,13741,13743,,,,224,,,,,,,,,,,
North East Hampshire,England,South East,74576,57627,Hold,37754,9982,6987,,,1061,1476,367,,,,,,,,,,,
North East Hertfordshire,England,East of England,75965,55580,Hold,32587,15752,4276,,,,2965,,,,,,,,,,,,
North East Somerset,England,South West,71355,54043,Hold,28992,18757,4461,,,,1245,588,,,,,,,,,,,
North Herefordshire,England,West Midlands,67751,50177,Hold,31097,9495,5874,,,,2771,577,363,,,,,,,,,,
North Norfolk,England,East of England,69271,52188,Hold,21748,5180,25260,,,,,,,,,,,,,,,,
North Shropshire,England,West Midlands,80535,55599,Hold,33642,17287,2948,,,,1722,,,,,,,,,,,,
North Somerset,England,South West,80529,61994,Hold,33605,16502,5982,,,,1976,3929,,,,,,,,,,,
North Swindon,England,South West,80168,54911,Hold,29431,21096,1962,,,1564,858,,,,,,,,,,,,
North Thanet,England,South East,72651,48325,Hold,27163,16425,1586,,,2198,825,,128,,,,,,,,,,
North Tyneside,England,North East,78914,51892,Hold,14172,33456,1494,,,2101,669,,,,,,,,,,,,
North Warwickshire,England,West Midlands,72277,47178,Hold,26860,18350,1028,,,,940,,,,,,,,,,,,
North West Cambridgeshire,England,East of England,93221,63991,Hold,37529,19521,3168,,,2518,1255,,,,,,,,,,,,
North West Durham,England,North East,71918,47902,Hold,16516,25308,3398,,,2150,530,,,,,,,,,,,,
North West Hampshire,England,South East,81430,58772,Hold,36471,13792,5708,,,1467,1334,,,,,,,,,,,,
North West Leicestershire,England,East Midlands,75362,53541,Hold,31153,17867,3420,,,,1101,,,,,,,,,,,,
North West Norfolk,England,East of England,72062,48811,Hold,29408,15620,1393,,,1539,851,,,,,,,,,,,,
North Wiltshire,England,South West,71408,51318,Hold,32398,9399,9521,,,,,,,,,,,,,,,,
Northampton North,England,East Midlands,58861,40378,Hold,19065,18258,1015,,,1404,636,,,,,,,,,,,,
Northampton South,England,East Midlands,61766,41034,Hold,19231,18072,1405,,,1630,696,,,,,,,,,,,,
Norwich North,England,East of England,66924,45895,Hold,21900,21393,1480,,,,782,,340,,,,,,,,,,
Norwich South,England,East of England,74182,51359,Hold,15715,31311,2841,,,,1492,,,,,,,,,,,,
Nottingham East,England,East Midlands,61760,39327,Hold,8512,28102,1003,,,817,698,,195,,,,,,,,,,
Nottingham North,England,East Midlands,66886,38319,Hold,11907,23067,674,,,2133,538,,,,,,,,,,,,
Nottingham South,England,East Midlands,71182,48129,Hold,14851,30013,1564,,,1103,598,,,,,,,,,,,,
Nuneaton,England,West Midlands,69201,46067,Hold,23755,19016,914,,,1619,763,,,,,,,,,,,,
Ochil & South Perthshire,Scotland,Scotland,76767,54168,Gain,22469,10847,1742,19110,,,,,,,,,,,,,,,
Ogmore,Wales,Wales,57125,37204,Hold,9354,23225,594,,2796,1235,,,,,,,,,,,,,
Old Bexley & Sidcup,England,London,66005,48042,Hold,29545,14079,1572,,,1619,820,,407,,,,,,,,,,
Oldham East & Saddleworth,England,North West,72184,47037,Hold,17447,25629,1683,,,2278,,,,,,,,,,,,,
Oldham West & Royton,England,North West,72401,43450,Hold,12648,29846,956,,,,,,,,,,,,,,,,
Orkney & Shetland,Scotland,Scotland,34164,23277,Hold,2024,2664,11312,6749,,283,,245,,,,,,,,,,,
Orpington,England,London,67902,50469,Hold,31762,12309,3315,,,2023,1060,,,,,,,,,,,,
Oxford East,England,South East,78350,53896,Hold,11834,35118,4904,,,,1785,255,,,,,,,,,,,
Oxford West & Abingdon,England,South East,75574,60020,Gain,25440,7573,26256,,,751,,,,,,,,,,,,,
Paisley & Renfrewshire North,Scotland,Scotland,67436,46615,Hold,12842,14842,1476,17455,,,,,,,,,,,,,,,
Paisley & Renfrewshire South,Scotland,Scotland,61344,41717,Hold,8122,14428,1327,16964,,,,876,,,,,,,,,,,
Pendle,England,North West,64962,44854,Hold,21986,20707,941,,,,502,,718,,,,,,,,,,
Penistone & Stocksbridge,England,Yorkshire & Humber,71293,49787,Hold,21485,22807,2042,,,3453,,,,,,,,,,,,,
Penrith & The Border,England,North West,65139,46470,Hold,28078,12168,3641,,,1142,1029,412,,,,,,,,,,,
Perth & North Perthshire,Scotland,Scotland,71762,51525,Hold,21783,5349,2589,21804,,,,,,,,,,,,,,,
Peterborough,England,East of England,71522,47738,Gain,22343,22950,1597,,,,848,,,,,,,,,,,,
"Plymouth, Moor View",England,South West,69342,45398,Hold,23548,18548,917,,,1849,536,,,,,,,,,,,,
"Plymouth, Sutton & Devonport",England,South West,76584,44621,Gain,17806,23808,1106,,,1148,213,540,,,,,,,,,,,
Pontypridd,Wales,Wales,60564,39894,Hold,10655,22103,1963,,4102,1071,,,,,,,,,,,,,
Poole,England,South West,73796,49850,Hold,28888,14679,4433,,,,1299,,551,,,,,,,,,,
Poplar & Limehouse,England,London,87331,59204,Hold,11846,39958,3959,,,849,989,1603,,,,,,,,,,,
Portsmouth North,England,South East,71374,47210,Hold,25860,15895,2608,,,1926,791,,130,,,,,,,,,,
Portsmouth South,England,South East,69785,44566,Gain,16736,18290,7699,,,1129,712,,,,,,,,,,,,
Preseli Pembrokeshire,Wales,Wales,58554,42197,Hold,18302,17988,1106,,2711,850,,1209,31,,,,,,,,,,
Preston,England,North West,57791,35741,Hold,8487,24210,1348,,,1348,348,,,,,,,,,,,,
Pudsey,England,Yorkshire & Humber,72622,53959,Hold,25550,25219,1761,,,,,291,1138,,,,,,,,,,
Putney,England,London,65031,46894,Hold,20679,19125,5448,,,477,1107,58,,,,,,,,,,,
Rayleigh & Wickford,England,East of England,78556,55323,Hold,36914,13464,1557,,,2326,1062,,,,,,,,,,,,
Reading East,England,South East,75537,55238,Gain,23344,27093,3378,,,,1093,188,142,,,,,,,,,,
Reading West,England,South East,74523,51766,Hold,25311,22435,3041,,,,979,,,,,,,,,,,,
Redcar,England,North East,66836,42560,Hold,14138,23623,2849,,,1950,,,,,,,,,,,,,
Redditch,England,West Midlands,64413,45113,Hold,23652,16289,1173,,,1371,380,,2248,,,,,,,,,,
Reigate,England,South East,74628,53823,Hold,30896,13282,5889,,,1542,2214,,,,,,,,,,,,
Rhondda,Wales,Wales,50514,32936,Hold,3333,21096,277,,7350,880,,,,,,,,,,,,,
Ribble Valley,England,North West,77968,55200,Hold,31919,18720,3247,,,,1314,,,,,,,,,,,,
Richmond (Yorks),England,Yorkshire & Humber,80905,57013,Hold,36458,13350,3360,,,,1739,2106,,,,,,,,,,,
Richmond Park,England,London,80025,63330,Hold,28588,5773,28543,,,426,,,,,,,,,,,,,
Rochdale,England,North West,78064,50044,Hold,14216,29035,4027,,,1641,,883,242,,,,,,,,,,
Rochester & Strood,England,South East,82702,52769,Hold,29232,19382,1189,,,1893,781,129,163,,,,,,,,,,
Rochford & Southend East,England,East of England,73501,47248,Hold,23013,17465,1265,,,1777,804,2924,,,,,,,,,,,
Romford,England,London,73493,49944,Hold,29671,15893,1215,,,2350,815,,,,,,,,,,,,
Romsey & Southampton North,England,South East,67186,50168,Hold,28668,9614,10662,,,,953,,271,,,,,,,,,,
"Ross, Skye & Lochaber",Scotland,Scotland,53638,38454,Hold,9561,4695,8042,15480,,,,499,177,,,,,,,,,,
Rossendale & Darwen,England,North West,72486,50156,Hold,25499,22283,1550,,,,824,,,,,,,,,,,,
Rother Valley,England,Yorkshire & Humber,75230,49488,Hold,19939,23821,1155,,,3704,869,,,,,,,,,,,,
Rotherham,England,Yorkshire & Humber,63237,37923,Hold,10017,21404,1754,,,3316,,1432,,,,,,,,,,,
Rugby,England,West Midlands,72175,51336,Hold,27872,19660,2851,,,,953,,,,,,,,,,,,
"Ruislip, Northwood & Pinner",England,London,73427,53400,Hold,30555,16575,3813,,,1171,1286,,,,,,,,,,,,
Runnymede & Weybridge,England,South East,74888,51609,Hold,31436,13386,3765,,,1675,1347,,,,,,,,,,,,
Rushcliffe,England,East Midlands,74738,58311,Hold,30223,22213,2759,,,1490,1626,,,,,,,,,,,,
Rutherglen & Hamilton West,Scotland,Scotland,80098,50872,Gain,9941,19101,2158,18836,,465,,371,,,,,,,,,,,
Rutland & Melton,England,East Midlands,78463,57569,Hold,36169,13065,4711,,,1869,1755,,,,,,,,,,,,
Saffron Walden,England,East of England,83072,60911,Hold,37629,12663,8528,,,2091,,,,,,,,,,,,,
Salford & Eccles,England,North West,78080,47619,Hold,12036,31168,1286,,,2320,809,,,,,,,,,,,,
Salisbury,England,South West,72892,53311,Hold,30952,13619,5982,,,1191,1152,415,,,,,,,,,,,
Scarborough & Whitby,England,Yorkshire & Humber,73599,50449,Hold,24401,20966,1354,,,1682,915,680,451,,,,,,,,,,
Scunthorpe,England,Yorkshire & Humber,61578,40229,Hold,17485,20916,554,,,1274,,,,,,,,,,,,,
Sedgefield,England,North East,63889,41591,Hold,16143,22202,797,,,1763,686,,,,,,,,,,,,
Sefton Central,England,North West,69019,52079,Hold,17212,32830,1381,,,,656,,,,,,,,,,,,
Selby & Ainsty,England,Yorkshire & Humber,75918,56076,Hold,32921,19149,2293,,,1713,,,,,,,,,,,,,
Sevenoaks,England,South East,71565,51218,Hold,32644,10727,4280,,,1894,1673,,,,,,,,,,,,
Sheffield Central,England,Yorkshire & Humber,77560,47877,Hold,6215,33963,2465,,,1060,3848,,326,,,,,,,,,,
Sheffield South East,England,Yorkshire & Humber,68945,43596,Hold,13722,25520,1432,,,2820,,,102,,,,,,,,,,
"Sheffield, Brightside & Hillsborough",England,Yorkshire & Humber,70344,41870,Hold,9050,28193,1061,,,2645,737,,184,,,,,,,,,,
"Sheffield, Hallam",England,Yorkshire & Humber,73455,56970,Gain,13561,21881,19706,,,929,823,70,,,,,,,,,,,
"Sheffield, Heeley",England,Yorkshire & Humber,68040,44226,Hold,26524,12696,2022,,,1977,943,,64,,,,,,,,,,
Sherwood,England,East Midlands,76196,53364,Hold,27492,22294,1113,,,1801,664,,,,,,,,,,,,
Shipley,England,Yorkshire & Humber,73133,53395,Hold,27417,22736,2202,,,,,,1040,,,,,,,,,,
Shrewsbury & Atcham,England,West Midlands,79043,58203,Hold,29073,22446,4254,,,1363,1067,,,,,,,,,,,,
Sittingbourne & Sheppey,England,South East,81717,51389,Hold,30911,15700,1392,,,,558,2133,695,,,,,,,,,,
Skipton & Ripon,England,Yorkshire & Humber,78104,58138,Hold,36425,16440,,,,,3734,1539,,,,,,,,,,,
Sleaford & North Hykeham,England,East Midlands,90929,65797,Hold,42245,17008,2722,,,1954,968,900,,,,,,,,,,,
Slough,England,South East,83272,55603,Hold,17172,34170,1308,,,1228,1308,417,,,,,,,,,,,
Solihull,England,West Midlands,77789,56748,Hold,32985,12414,8901,,,1291,1157,,,,,,,,,,,,
Somerton & Frome,England,South West,84437,63592,Hold,36231,10998,13325,,,,2047,991,,,,,,,,,,,
South Antrim,Northern Ireland,Northern Ireland,68244,43170,,,,,,,,,,,16508,7797,3203,2362,13300,,,,,
South Basildon & East Thurrock,England,East of England,73537,47198,Hold,26889,15321,732,,,3193,680,,383,,,,,,,,,,
South Cambridgeshire,England,East of England,85257,64924,Hold,33631,17679,12102,,,,1512,,,,,,,,,,,,
South Derbyshire,England,East Midlands,76380,52631,Hold,30907,18937,1870,,,,917,,,,,,,,,,,,
South Dorset,England,South West,72323,51906,Hold,29135,17440,3053,,,,2278,,,,,,,,,,,,
South Down,Northern Ireland,Northern Ireland,75685,50893,,,,,,,,,,,8867,20328,1814,17882,2002,,,,,
South East Cambridgeshire,England,East of England,86121,63002,Hold,33601,17443,11958,,,,,,,,,,,,,,,,
South East Cornwall,England,South West,71880,53214,Hold,29493,12050,10336,,,,1335,,,,,,,,,,,,
South Holland & The Deepings,England,East Midlands,76374,50315,Hold,35179,10282,1433,,,2185,894,342,,,,,,,,,,,
South Leicestershire,England,East Midlands,78985,56689,Hold,34795,16164,2403,,,2235,1092,,,,,,,,,,,,
South Norfolk,England,East of England,83055,61111,Hold,35580,18902,5074,,,,1555,,,,,,,,,,,,
South Northamptonshire,England,East Midlands,85759,64998,Hold,40599,17759,3623,,,1363,1357,297,,,,,,,,,,,
South Ribble,England,North West,75752,54834,Hold,28980,21559,2073,,,1387,494,,341,,,,,,,,,,
South Shields,England,North East,63433,40772,Hold,10570,25078,681,,,3006,1437,,,,,,,,,,,,
South Staffordshire,England,West Midlands,73441,51109,Hold,35656,12923,1348,,,,1182,,,,,,,,,,,,
South Suffolk,England,East of England,75485,54235,Hold,32829,15080,3154,,,1449,1723,,,,,,,,,,,,
South Swindon,England,South West,72372,51271,Hold,24809,22345,2079,,,1291,747,,,,,,,,,,,,
South Thanet,England,South East,72334,49638,Hold,25262,18875,1514,,,2997,809,181,,,,,,,,,,,
South West Bedfordshire,England,East of England,79658,55635,Hold,32961,18793,2630,,,,950,,301,,,,,,,,,,
South West Devon,England,South West,71260,52857,Hold,31634,15818,2732,,,1540,1133,,,,,,,,,,,,
South West Hertfordshire,England,East of England,81087,60653,Hold,35128,15578,7078,,,1293,1576,,,,,,,,,,,,
South West Norfolk,England,East of England,77874,52416,Hold,32894,14582,2365,,,2575,,,,,,,,,,,,,
South West Surrey,England,South East,78042,60432,Hold,33683,7606,5967,,,1083,,,12093,,,,,,,,,,
South West Wiltshire,England,South West,76898,54751,Hold,32841,14515,5360,,,,1445,590,,,,,,,,,,,
"Southampton, Itchen",England,South East,71722,46783,Hold,21773,21742,1421,,,1122,725,,,,,,,,,,,,
"Southampton, Test",England,South East,70199,46908,Hold,16006,27514,1892,,,,,680,816,,,,,,,,,,
Southend West,England,East of England,67677,47191,Hold,26046,16046,2110,,,1666,831,187,305,,,,,,,,,,
Southport,England,North West,69400,47956,Gain,18541,15627,12661,,,1127,,,,,,,,,,,,,
Spelthorne,England,South East,72641,50115,Hold,28692,15267,2755,,,2296,1105,,,,,,,,,,,,
St Albans,England,East of England,72811,56998,Hold,24571,13137,18462,,,,828,,,,,,,,,,,,
St Austell & Newquay,England,South West,78609,54212,Hold,26856,15714,11642,,,,,,,,,,,,,,,,
St Helens North,England,North West,76088,50222,Hold,13606,32012,1287,,,2097,1220,,,,,,,,,,,,
St Helens South & Whiston,England,North West,79036,52886,Hold,11536,35879,2101,,,1953,1417,,,,,,,,,,,,
St Ives,England,South West,67145,51226,Hold,22120,7298,21808,,,,,,,,,,,,,,,,
Stafford,England,West Midlands,68445,51924,Hold,28424,20695,1540,,,,1265,,,,,,,,,,,,
Staffordshire Moorlands,England,West Midlands,63260,44655,Hold,25963,15133,1494,,,,541,1524,,,,,,,,,,,
Stalybridge & Hyde,England,North West,71409,42457,Hold,16193,24277,996,,,,991,,,,,,,,,,,,
Stevenage,England,East of England,70765,49329,Hold,24798,21414,2032,,,,1085,,,,,,,,,,,,
Stirling,Scotland,Scotland,66415,49356,Gain,18291,10902,1683,18143,,,,337,,,,,,,,,,,
Stockport,England,North West,64236,41544,Hold,11805,26282,1778,,,1088,591,,,,,,,,,,,,
Stockton North,England,North East,66285,42731,Hold,15589,24304,646,,,1834,358,,,,,,,,,,,,
Stockton South,England,North East,75625,53824,Gain,25214,26102,951,,,1186,371,,,,,,,,,,,,
StokeonTrent Central,England,West Midlands,56915,33145,Hold,13186,17083,680,,,1608,378,210,,,,,,,,,,,
StokeonTrent North,England,West Midlands,71558,41786,Hold,18913,21272,916,,,,685,,,,,,,,,,,,
StokeonTrent South,England,West Midlands,66057,41690,Gain,20451,19788,808,,,,643,,,,,,,,,,,,
Stone,England,West Midlands,67824,50032,Hold,31614,14119,2222,,,1370,707,,,,,,,,,,,,
Stourbridge,England,West Midlands,70215,47135,Hold,25706,18052,1083,,,1801,493,,,,,,,,,,,,
Strangford,Northern Ireland,Northern Ireland,64327,38749,,507,,,,,,607,,,24036,1083,5693,2404,4419,,,,,
StratfordonAvon,England,West Midlands,72572,52532,Hold,32657,11699,6357,,,,1345,255,219,,,,,,,,,,
Streatham,England,London,78649,55795,Hold,11927,38212,3611,,,349,1696,,,,,,,,,,,,
Stretford & Urmston,England,North West,71833,50191,Hold,13814,33519,1001,,,1094,641,122,,,,,,,,,,,
Stroud,England,South West,82839,63816,Gain,29307,29994,2053,,,1039,1423,,,,,,,,,,,,
Suffolk Coastal,England,East of England,79366,58074,Hold,33713,17701,4048,,,,1802,810,,,,,,,,,,,
Sunderland Central,England,North East,72728,45141,Hold,15089,25056,1777,,,2209,705,305,,,,,,,,,,,
Surrey Heath,England,South East,80764,57822,Hold,37118,12175,6271,,,,2258,,,,,,,,,,,,
Sutton & Cheam,England,London,70404,51970,Hold,26567,10663,13869,,,,871,,,,,,,,,,,,
Sutton Coldfield,England,West Midlands,75652,52858,Hold,32224,16885,2302,,,,965,482,,,,,,,,,,,
Swansea East,Wales,Wales,58521,35159,Hold,9139,22307,625,,,1040,359,1689,,,,,,,,,,,
Swansea West,Wales,Wales,56892,37282,Hold,11680,22278,1269,,1529,,434,,92,,,,,,,,,,
Tamworth,England,West Midlands,71308,47110,Hold,28748,16401,1961,,,,,,,,,,,,,,,,
Tatton,England,North West,67874,49116,Hold,28764,13977,4431,,,,1024,920,,,,,,,,,,,
Taunton Deane,England,South West,85457,63053,Hold,33333,9689,17446,,,1434,1151,,,,,,,,,,,,
Telford,England,West Midlands,68106,44686,Hold,21777,21057,954,,,,898,,,,,,,,,,,,
Tewkesbury,England,South West,81440,59084,Hold,35448,12874,7981,,,1205,1576,,,,,,,,,,,,
The Cotswolds,England,South West,80449,59702,Hold,36201,10702,9748,,,1197,1747,107,,,,,,,,,,,
The Wrekin,England,West Midlands,68604,49523,Hold,27451,17887,1345,,,1656,804,380,,,,,,,,,,,
Thirsk & Malton,England,Yorkshire & Humber,78670,55929,Hold,33572,14571,3859,,,1532,1100,753,542,,,,,,,,,,
Thornbury & Yate,England,South West,67892,50690,Hold,28008,6112,15937,,,,633,,,,,,,,,,,,
Thurrock,England,East of England,78154,50316,Hold,19880,19535,789,,,10112,,,,,,,,,,,,,
Tiverton & Honiton,England,South West,80731,57815,Hold,35471,15670,4639,,,,2035,,,,,,,,,,,,
Tonbridge & Malling,England,South East,77417,56907,Hold,36218,12710,3787,,,1857,2335,,,,,,,,,,,,
Tooting,England,London,77971,58171,Hold,19236,34694,3057,,,339,845,,,,,,,,,,,,
Torbay,England,South West,75931,51174,Hold,27141,9310,12858,,,1213,652,,,,,,,,,,,,
Torfaen,Wales,Wales,61839,38429,Hold,11894,22134,852,,2059,1490,,,,,,,,,,,,,
Torridge & West Devon,England,South West,80524,59480,Hold,33612,12926,10526,,,,1622,794,,,,,,,,,,,
Totnes,England,South West,68914,50270,Hold,26972,13495,6466,,,1240,2097,,,,,,,,,,,,
Tottenham,England,London,72884,49330,Hold,5665,40249,1687,,,462,1267,,,,,,,,,,,,
Truro & Falmouth,England,South West,74683,56647,Hold,25123,21331,8465,,,897,831,,,,,,,,,,,,
Tunbridge Wells,England,South East,74782,54209,Hold,30856,14391,5355,,,1464,1441,,702,,,,,,,,,,
Twickenham,England,London,83362,66290,Gain,25207,6114,34969,,,,,,,,,,,,,,,,
Tynemouth,England,North East,77434,56858,Hold,20729,32395,1724,,,1257,629,124,,,,,,,,,,,
Upper Bann,Northern Ireland,Northern Ireland,80168,51258,,,,,,,,,,,22317,14325,2319,4397,7900,,,,,
Uxbridge & South Ruislip,England,London,69936,46694,Hold,23716,18682,1835,,,1577,884,,,,,,,,,,,,
Vale of Clwyd,Wales,Wales,56890,38684,Gain,17044,19423,666,,1551,,,,,,,,,,,,,,
Vale of Glamorgan,Wales,Wales,73959,53718,Hold,25501,23311,1020,,2295,868,419,,304,,,,,,,,,,
Vauxhall,England,London,82055,55042,Hold,10277,31576,11326,,,,1152,,711,,,,,,,,,,
Wakefield,England,Yorkshire & Humber,70340,46284,Hold,20811,22987,943,,,,,1176,367,,,,,,,,,,
Wallasey,England,North West,67454,48353,Hold,11232,34552,772,,,1160,637,,,,,,,,,,,,
Walsall North,England,West Midlands,67308,38118,Gain,18919,16318,586,,,2295,,,,,,,,,,,,,
Walsall South,England,West Midlands,67417,44876,Hold,25286,16394,587,,,1805,804,,,,,,,,,,,,
Walthamstow,England,London,67957,48050,Hold,6776,38700,1384,,,,1190,,,,,,,,,,,,
Wansbeck,England,North East,62151,42454,Hold,13903,24338,2015,,,1483,715,,,,,,,,,,,,
Wantage,England,South East,85786,63602,Hold,34459,17079,9234,,,1284,1546,,,,,,,,,,,,
Warley,England,West Midlands,63739,40206,Hold,10521,27004,777,,,1349,555,,,,,,,,,,,,
Warrington North,England,North West,71918,48517,Hold,17774,27356,1207,,,1561,619,,,,,,,,,,,,
Warrington South,England,North West,85617,61995,Gain,27445,29994,3339,,,,,1217,,,,,,,,,,,
Warwick & Leamington,England,West Midlands,74237,54055,Gain,24021,25227,2810,,,799,1198,,,,,,,,,,,,
Washington & Sunderland West,England,North East,67280,40574,Hold,11699,24639,961,,,2761,514,,,,,,,,,,,,
Watford,England,East of England,86507,58610,Hold,26731,24639,5335,,,1184,721,,,,,,,,,,,,
Waveney,England,East of England,80763,52674,Hold,28643,19428,1012,,,1933,1332,326,,,,,,,,,,,
Wealden,England,South East,81425,60464,Hold,37027,13399,6281,,,1798,1959,,,,,,,,,,,,
Weaver Vale,England,North West,69016,50613,Gain,22138,26066,1623,,,,786,,,,,,,,,,,,
Wellingborough,England,East Midlands,79254,53240,Hold,30579,18119,1782,,,1804,956,,,,,,,,,,,,
Wells,England,South West,82451,61843,Hold,30488,7129,23906,,,,,,320,,,,,,,,,,
Welwyn Hatfield,England,East of England,72888,51669,Hold,26374,19005,3836,,,1441,835,178,,,,,,,,,,,
Wentworth & Dearne,England,Yorkshire & Humber,74890,43947,Hold,13744,28547,1656,,,,,,,,,,,,,,,,
West Aberdeenshire & Kincardine,Scotland,Scotland,72477,51625,Gain,24704,5706,4461,16754,,,,,,,,,,,,,,,
West Bromwich East,England,West Midlands,63846,39098,Hold,14951,22664,625,,,,533,325,,,,,,,,,,,
West Bromwich West,England,West Midlands,65967,36094,Hold,14329,18789,333,,,2320,323,,,,,,,,,,,,
West Dorset,England,South West,82277,59598,Hold,33081,10896,13990,,,,1631,,,,,,,,,,,,
West Dunbartonshire,Scotland,Scotland,67602,44083,Hold,7582,16602,1009,18890,,,,,,,,,,,,,,,
West Ham,England,London,92418,60708,Hold,9837,46591,1836,,,1134,957,353,,,,,,,,,,,
West Lancashire,England,North West,73257,54389,Hold,20341,32030,1069,,,,680,,269,,,,,,,,,,
West Suffolk,England,East of England,77348,51746,Hold,31649,14586,2180,,,2396,935,,,,,,,,,,,,
West Tyrone,Northern Ireland,Northern Ireland,64009,43486,,,,,,,,427,,,11718,22060,1000,5635,2253,,,,393,
West Worcestershire,England,West Midlands,74375,56471,Hold,34703,13375,5307,,,1481,1605,,,,,,,,,,,,
Westminster North,England,London,63846,43295,Hold,14422,25934,2253,,,,595,91,,,,,,,,,,,
Westmorland & Lonsdale,England,North West,66391,51687,Hold,22909,4783,23686,,,,,309,,,,,,,,,,,
WestonSuperMare,England,South West,82136,56415,Hold,29982,18438,5175,,,1932,888,,,,,,,,,,,,
Wigan,England,North West,75359,47542,Hold,13548,29575,916,,,2750,753,,,,,,,,,,,,
Wimbledon,England,London,66780,51481,Hold,23946,18324,7427,,,553,1231,,,,,,,,,,,,
Winchester,England,South East,72497,57003,Hold,29729,6700,19730,,,695,,,149,,,,,,,,,,
Windsor,England,South East,73595,53921,Hold,34718,12334,5434,,,,1435,,,,,,,,,,,,
Wirral South,England,North West,57670,45195,Hold,17548,25871,1322,,,,454,,,,,,,,,,,,
Wirral West,England,North West,55995,43951,Hold,18501,23866,1155,,,,429,,,,,,,,,,,,
Witham,England,East of England,69137,49241,Hold,31670,13024,2715,,,,1832,,,,,,,,,,,,
Witney,England,South East,82727,60927,Hold,33839,12598,12457,,,980,1053,,,,,,,,,,,,
Woking,England,South East,76170,55246,Hold,29903,13179,9711,,,1161,1092,200,,,,,,,,,,,
Wokingham,England,South East,79111,59690,Hold,33806,15008,9512,,,,1364,,,,,,,,,,,,
Wolverhampton North East,England,West Midlands,60770,36508,Hold,14695,19282,570,,,1479,482,,,,,,,,,,,,
Wolverhampton South East,England,West Midlands,60301,36304,Hold,12623,21137,448,,,1675,421,,,,,,,,,,,,
Wolverhampton South West,England,West Midlands,59971,42336,Hold,18714,20889,784,,,1012,579,358,,,,,,,,,,,
Worcester,England,West Midlands,73893,51405,Hold,24713,22223,1757,,,1354,1211,109,38,,,,,,,,,,
Workington,England,North West,60265,41676,Hold,17392,21317,1133,,,1556,,278,,,,,,,,,,,
Worsley & Eccles South,England,North West,73689,45642,Hold,17667,26046,1087,,,,842,,,,,,,,,,,,
Worthing West,England,South East,77757,54503,Hold,30181,18091,2982,,,1635,1614,,,,,,,,,,,,
Wrexham,Wales,Wales,49881,35082,Hold,15321,17153,855,,1753,,,,,,,,,,,,,,
Wycombe,England,South East,77087,53493,Hold,26766,20188,4147,,,1210,1182,,,,,,,,,,,,
Wyre & Preston North,England,North West,72319,52646,Hold,30684,18438,2551,,,,973,,,,,,,,,,,,
Wyre Forest,England,West Midlands,77758,51129,Hold,29859,16525,1943,,,1777,1025,,,,,,,,,,,,
Wythenshawe & Sale East,England,North West,76361,45846,Hold,13581,28525,1504,,,1475,576,185,,,,,,,,,,,
Yeovil,England,South West,82916,59404,Hold,32369,7418,17646,,,,1052,919,,,,,,,,,,,
Ynys Mn,Wales,Wales,52921,37367,Hold,10384,15643,479,,10237,624,,,,,,,,,,,,,
York Central,England,Yorkshire & Humber,77315,53088,Hold,16019,34594,2475,,,,,,,,,,,,,,,,
York Outer,England,Yorkshire & Humber,75835,57427,Hold,29356,21067,5910,,,,1094,,,,,,,,,,,,
